name,value
China,1435.896654
India,1371.318916
USA,329.774958
Indonesia,271.680432
Pakistan,218.090903
Brazil,211.601841
Nigeria,202.773987